[
   {
      "title":"After Dark in Central Park",
      "year":1900,
      "cast":[
         
      ],
      "genres":[
         
      ]
   },
   {
      "title":"Airplane!",
      "year":1980,
      "cast":[
         "Robert Hays",
         "Julie Hagerty",
         "Leslie Nielsen",
         "Peter Graves",
         "Robert Stack",
         "Lloyd Bridges",
         "Kareem Abdul-Jabbar"
      ],
      "genres":[
         "Comedy"
      ]
   },
   {
      "title":"The Adventures of Ford Fairlane",
      "year":1990,
      "cast":[
         "Andrew Dice Clay",
         "Wayne Newton",
         "Priscilla Presley",
         "Lauren Holly",
         "Maddie Corman",
         "Ed O'Neill",
         "Morris Day",
         "Tone Loc",
         "Gilbert Gottfried",
         "Robert Englund"
      ],
      "genres":[
         "Comedy"
      ]
   },
   {
      "title":"Sibling Rivalry",
      "year":1990,
      "cast":[
         "Kirstie Alley",
         "Scott Bakula",
         "Bill Pullman",
         "Jami Gertz",
         "Sam Elliott",
         "Carrie Fisher"
      ],
      "genres":[
         "Comedy"
      ]
   },
   {
      "title":"The Last Boy Scout",
      "year":1991,
      "cast":[
         "Bruce Willis",
         "Damon Wayans",
         "Chelsea Field",
         "Noble Willingham",
         "Taylor Negron",
         "Danielle Harris",
         "Halle Berry"
      ],
      "genres":[
         "Action"
      ]
   },
   {
      "title":"Liebestraum",
      "year":1991,
      "cast":[
         "Bill Pullman",
         "Kevin Anderson",
         "Kim Novak"
      ],
      "genres":[
         "Drama"
      ]
   },
   {
      "title":"The Art of Getting By",
      "year":2011,
      "cast":[
         "Freddie Highmore",
         "Emma Roberts",
         "Michael Angarano",
         "Elizabeth Reaser",
         "Sam Robards",
         "Alicia Silverstone",
         "Rita Wilson",
         "Blair Underwood"
      ],
      "genres":[
         "Romance",
         "Comedy",
         "Teen"
      ]
   },
   {
      "title":"Arthur",
      "year":2011,
      "cast":[
         "Russell Brand",
         "Helen Mirren",
         "Greta Gerwig",
         "Jennifer Garner",
         "Nick Nolte",
         "Luis Guzmán"
      ],
      "genres":[
         "Comedy"
      ]
   },
   {
      "title":"Arthur Christmas",
      "year":2011,
      "cast":[
         "James McAvoy",
         "Hugh Laurie",
         "Bill Nighy",
         "Jim Broadbent",
         "Imelda Staunton",
         "Ashley Jensen",
         "Will Sasso",
         "Ramona Marquez",
         "Iain McKee",
         "Joan Cusack",
         "Robbie Coltrane",
         "Michael Palin",
         "Dominic West",
         "Andy Serkis"
      ],
      "genres":[
         "Animated",
         "Family",
         "Fantasy"
      ]
   },
   {
      "title":"Atlas Shrugged: Part I",
      "year":2011,
      "cast":[
         "Taylor Schilling",
         "Grant Bowler",
         "Matthew Marsden",
         "Edi Gathegi",
         "Graham Beckel",
         "Jsu Garcia",
         "Jon Polito",
         "Michael Lerner"
      ],
      "genres":[
         "Drama",
         "Political",
         "Thriller"
      ]
   },
   {
      "title":"Bad Teacher",
      "year":2011,
      "cast":[
         "Cameron Diaz",
         "Jason Segel",
         "Justin Timberlake",
         "Lucy Punch",
         "John Michael Higgins"
      ],
      "genres":[
         "Comedy"
      ]
   },
   {
      "title":"Battle: Los Angeles",
      "year":2011,
      "cast":[
         "Aaron Eckhart",
         "Michelle Rodriguez",
         "Ramón Rodríguez",
         "Bridget Moynahan",
         "Ne-Yo",
         "and",
         "Michael Peña",
         "Lucas Till",
         "Joey King",
         "Will Rothhaar",
         "Nzinga Blake",
         "Jim Parrack",
         "Aisha Tyler",
         "Tisha Campbell-Martin",
         "Noel Fisher",
         "Taylor Handley",
         "Cory Hardrict"
      ],
      "genres":[
         "Action",
         "Science Fiction"
      ]
   },
   {
      "title":"Beastly",
      "year":2011,
      "cast":[
         "Vanessa Hudgens",
         "Alex Pettyfer",
         "Mary-Kate Olsen",
         "Peter Krause",
         "Lisa Gay Hamilton",
         "Neil Patrick Harris"
      ],
      "genres":[
         "Fantasy",
         "Romance"
      ]
   },
   {
      "title":"Beats, Rhymes & Life: The Travels of a Tribe Called Quest",
      "year":2011,
      "cast":[
         "The life and legacy of",
         "A Tribe Called Quest",
         "one of the most influential and groundbreaking musical groups in hip-hop history."
      ],
      "genres":[
         "Documentary"
      ]
   },
   {
      "title":"The Beaver",
      "year":2011,
      "cast":[
         "Mel Gibson",
         "Jodie Foster",
         "Anton Yelchin",
         "Jennifer Lawrence"
      ],
      "genres":[
         "Comedy"
      ]
   },
   {
      "title":"Beginners",
      "year":2011,
      "cast":[
         "Ewan McGregor",
         "Christopher Plummer",
         "Mélanie Laurent",
         "Goran Višnjić",
         "Kai Lennox",
         "Mary Page Keller",
         "Keegan Boos"
      ],
      "genres":[
         "Drama"
      ]
   },
   {
      "title":"A Better Life",
      "year":2011,
      "cast":[
         "Demián Bichir",
         "José Julián"
      ],
      "genres":[
         "Drama"
      ]
   },
   {
      "title":"Big Mommas: Like Father, Like Son",
      "year":2011,
      "cast":[
         "Martin Lawrence",
         "Brandon T. Jackson",
         "Jessica Lucas",
         "Tony Curran",
         "Faizon Love",
         "Sherri Shepherd",
         "Portia Doubleday"
      ],
      "genres":[
         "Comedy",
         "Crime"
      ]
   },
   {
      "title":"The Big Year",
      "year":2011,
      "cast":[
         "Steve Martin",
         "Jack Black",
         "Owen Wilson",
         "Rashida Jones",
         "Anjelica Huston",
         "Jim Parsons",
         "Rosamund Pike",
         "JoBeth Williams",
         "Brian Dennehy",
         "Dianne Wiest",
         "Anthony Anderson",
         "Tim Blake Nelson",
         "Kevin Pollak",
         "Joel McHale"
      ],
      "genres":[
         "Comedy"
      ]
   },
   {
      "title":"Born to Be Wild 3D",
      "year":2011,
      "cast":[
         "A team of animal activists raise and rescue endangered orangutans and elephants to bring them back into the wild. Narrated by",
         "Morgan Freeman"
      ],
      "genres":[
         "Documentary"
      ]
   },
   {
      "title":"The Twilight Saga: Breaking Dawn - Part 1",
      "year":2011,
      "cast":[
         "Kristen Stewart",
         "Robert Pattinson",
         "Taylor Lautner",
         "Nikki Reed",
         "Peter Facinelli",
         "Elizabeth Reaser",
         "Ashley Greene",
         "Kellan Lutz",
         "Jackson Rathbone",
         "Julia Jones",
         "Booboo Stewart",
         "Billy Burke",
         "Sarah Clarke",
         "MyAnna Buring",
         "Maggie Grace",
         "Casey LaBow",
         "Michael Sheen",
         "Jamie Campbell Bower",
         "Christopher Heyerdahl",
         "Chaske Spencer",
         "Christian Camargo",
         "Mía Maestro"
      ],
      "genres":[
         "Fantasy",
         "Romance"
      ]
   },
   {
      "title":"Bridesmaids",
      "year":2011,
      "cast":[
         "Kristen Wiig",
         "Maya Rudolph",
         "Rose Byrne",
         "Wendi McLendon-Covey",
         "Ellie Kemper",
         "Melissa McCarthy",
         "Chris O'Dowd",
         "Jon Hamm",
         "Matt Lucas"
      ],
      "genres":[
         "Comedy"
      ]
   },
   {
      "title":"Buck",
      "year":2011,
      "cast":[
         "The life",
         "career",
         "and philosophy of the real-life \"horse whisperer\"",
         "Buck Brannaman",
         "."
      ],
      "genres":[
         "Documentary"
      ]
   },
   {
      "title":"Bucky Larson: Born to Be a Star",
      "year":2011,
      "cast":[
         "Nick Swardson",
         "Christina Ricci",
         "Don Johnson",
         "Stephen Dorff"
      ],
      "genres":[
         "Comedy"
      ]
   },
   {
      "title":"Captain America: The First Avenger",
      "year":2011,
      "cast":[
         "Chris Evans",
         "Tommy Lee Jones",
         "Hugo Weaving",
         "Dominic Cooper",
         "Neal McDonough",
         "Derek Luke",
         "Stanley Tucci",
         "Hayley Atwell",
         "Sebastian Stan",
         "Kenneth Choi",
         "Toby Jones",
         "Richard Armitage",
         "J. J. Feild",
         "Samuel L. Jackson"
      ],
      "genres":[
         "Superhero"
      ]
   },
   {
      "title":"Carnage",
      "year":2011,
      "cast":[
         "Jodie Foster",
         "Kate Winslet",
         "Christoph Waltz",
         "John C. Reilly"
      ],
      "genres":[
         "Comedy"
      ]
   },
   {
      "title":"Cars 2",
      "year":2011,
      "cast":[
         "Owen Wilson",
         "Larry the Cable Guy",
         "Michael Caine",
         "Emily Mortimer",
         "Eddie Izzard",
         "Jason Isaacs",
         "Thomas Kretschmann",
         "Joe Mantegna",
         "Peter Jacobson",
         "Tony Shalhoub",
         "Guido Quaroni",
         "Paul Dooley",
         "John Ratzenberger",
         "John Turturro",
         "Jeff Gordon",
         "Lewis Hamilton",
         "Darrell Waltrip",
         "Brent Musburger",
         "David Hobbs",
         "Bruce Campbell",
         "John Lasseter",
         "Franco Nero",
         "Vanessa Redgrave",
         "Michel Michelis",
         "Bonnie Hunt",
         "Cheech Marin",
         "Jenifer Lewis",
         "Michael Wallis",
         "Lloyd Sherr",
         "Sig Hansen",
         "Jeff Garlin",
         "Katherine Helmond"
      ],
      "genres":[
         "Animated",
         "Family",
         "Spy"
      ]
   },
   {
      "title":"Cedar Rapids",
      "year":2011,
      "cast":[
         "Ed Helms",
         "John C. Reilly",
         "Anne Heche",
         "Isiah Whitlock, Jr.",
         "Kurtwood Smith",
         "Stephen Root",
         "Mike O'Malley",
         "and",
         "Sigourney Weaver",
         "Alia Shawkat",
         "Rob Corddry",
         "Thomas Lennon",
         "Welker White",
         "Steve Blackwood"
      ],
      "genres":[
         "Comedy"
      ]
   },
   {
      "title":"The Change-Up",
      "year":2011,
      "cast":[
         "Ryan Reynolds",
         "Jason Bateman",
         "Leslie Mann",
         "Olivia Wilde",
         "Alan Arkin"
      ],
      "genres":[
         "Comedy"
      ]
   },
   {
      "title":"The Chaperone",
      "year":2011,
      "cast":[
         "Paul \"Triple H\" Levesque",
         "Ariel Winter",
         "Kevin Corrigan",
         "José Zúñiga",
         "Yeardley Smith",
         "Kevin Rankin",
         "Enrico Colantoni"
      ],
      "genres":[
         "Comedy",
         "Family"
      ]
   },
   {
      "title":"Colombiana",
      "year":2011,
      "cast":[
         "Zoe Saldana",
         "Jordi Mollà",
         "Lennie James",
         "Michael Vartan",
         "Cliff Curtis"
      ],
      "genres":[
         "Action"
      ]
   },
   {
      "title":"Conan the Barbarian",
      "year":2011,
      "cast":[
         "Jason Momoa",
         "Rachel Nichols",
         "Stephen Lang",
         "Rose McGowan",
         "Saïd Taghmaoui",
         "Leo Howard",
         "Bob Sapp",
         "Ron Perlman",
         "Steven O'Donnell",
         "Nonso Anozie"
      ],
      "genres":[
         "Action",
         "Adventure",
         "Fantasy"
      ]
   },
   {
      "title":"The Conspirator",
      "year":2011,
      "cast":[
         "James McAvoy",
         "Robin Wright",
         "Kevin Kline",
         "Evan Rachel Wood",
         "Danny Huston",
         "Justin Long",
         "Colm Meaney",
         "Tom Wilkinson"
      ],
      "genres":[
         "Historical",
         "Drama"
      ]
   },
   {
      "title":"Contagion",
      "year":2011,
      "cast":[
         "Marion Cotillard",
         "Matt Damon",
         "Laurence Fishburne",
         "Jude Law",
         "Gwyneth Paltrow",
         "Kate Winslet",
         "Bryan Cranston",
         "Jennifer Ehle",
         "Sanaa Lathan",
         "Amr Waked",
         "John Hawkes",
         "Demetri Martin"
      ],
      "genres":[
         "Action",
         "Thriller"
      ]
   },
   {
      "title":"Courageous",
      "year":2011,
      "cast":[
         "Alex Kendrick",
         "Ken Bevel",
         "Kevin Downes",
         "Ben Davies",
         "Renee Jewell",
         "Elanor Brown",
         "Robert Amaya",
         "Angelita Nelson",
         "David Howze",
         "Tony \"T.C.\" Stallings"
      ],
      "genres":[
         "Drama"
      ]
   },
   {
      "title":"Cowboys & Aliens",
      "year":2011,
      "cast":[
         "Daniel Craig",
         "Harrison Ford",
         "Olivia Wilde",
         "Ana de la Reguera",
         "Sam Rockwell",
         "Adam Beach",
         "Paul Dano",
         "Noah Ringer"
      ],
      "genres":[
         "Western"
      ]
   },
   {
      "title":"Crazy, Stupid, Love.",
      "year":2011,
      "cast":[
         "Steve Carell",
         "Ryan Gosling",
         "Julianne Moore",
         "Emma Stone",
         "John Carroll Lynch",
         "Marisa Tomei",
         "Kevin Bacon",
         "Analeigh Tipton",
         "Liza Lapira",
         "Joey King",
         "Mekia Cox"
      ],
      "genres":[
         "Comedy"
      ]
   },
   {
      "title":"The Darkest Hour",
      "year":2011,
      "cast":[
         "Emile Hirsch",
         "Olivia Thirlby",
         "Max Minghella",
         "Rachael Taylor",
         "Joel Kinnaman"
      ],
      "genres":[
         "Action",
         "Thriller",
         "Horror"
      ]
   },
   {
      "title":"Dead Stop",
      "year":2011,
      "cast":[
         "Lauren Brady",
         "Mike Hardy",
         "Trevor Snarr"
      ],
      "genres":[
         "Horror"
      ]
   },
   {
      "title":"The Debt",
      "year":2011,
      "cast":[
         "Helen Mirren",
         "Sam Worthington",
         "Jessica Chastain",
         "Jesper Christensen",
         "Marton Csokas",
         "Ciarán Hinds",
         "Tom Wilkinson"
      ],
      "genres":[
         "Drama",
         "Spy",
         "Thriller"
      ]
   },
   {
      "title":"The Descendants",
      "year":2011,
      "cast":[
         "George Clooney",
         "Shailene Woodley",
         "Beau Bridges",
         "Judy Greer",
         "Matthew Lillard"
      ],
      "genres":[
         "Comedy",
         "Drama"
      ]
   },
   {
      "title":"The Devil's Double",
      "year":2011,
      "cast":[
         "Dominic Cooper",
         "Philip Quast",
         "Ludivine Sagnier",
         "Mimoun Oaïssa",
         "Mehmet Ferda"
      ],
      "genres":[
         "Action",
         "Drama"
      ]
   },
   {
      "title":"Diary of a Wimpy Kid: Rodrick Rules",
      "year":2011,
      "cast":[
         "Zachary Gordon",
         "Devon Bostick",
         "Rachael Harris",
         "Robert Capron",
         "Steve Zahn"
      ],
      "genres":[
         "Comedy",
         "Family"
      ]
   },
   {
      "title":"The Dilemma",
      "year":2011,
      "cast":[
         "Vince Vaughn",
         "Kevin James",
         "Jennifer Connelly",
         "Winona Ryder",
         "Channing Tatum",
         "Queen Latifah"
      ],
      "genres":[
         "Drama",
         "Comedy"
      ]
   },
   {
      "title":"Dirty Girl",
      "year":2011,
      "cast":[
         "Juno Temple",
         "Milla Jovovich",
         "William H. Macy",
         "Mary Steenburgen",
         "Dwight Yoakam",
         "and introducing Jeremy Dozier"
      ],
      "genres":[
         "Comedy"
      ]
   },
   {
      "title":"Dolphin Tale",
      "year":2011,
      "cast":[
         "Harry Connick, Jr.",
         "Ashley Judd",
         "Nathan Gamble",
         "Kris Kristofferson",
         "Cozi Zuehldorff",
         "Morgan Freeman"
      ],
      "genres":[
         "Drama",
         "Family"
      ]
   },
   {
      "title":"Don't Be Afraid of the Dark",
      "year":2011,
      "cast":[
         "Katie Holmes",
         "Guy Pearce",
         "Bailee Madison",
         "Jack Thompson"
      ],
      "genres":[
         "Horror"
      ]
   },
   {
      "title":"The Double",
      "year":2011,
      "cast":[
         "Richard Gere",
         "Topher Grace",
         "Stephen Moyer",
         "Odette Yustman",
         "Stana Katic",
         "Chris Marquette",
         "Tamer Hassan",
         "and",
         "Michael Sheen"
      ],
      "genres":[
         "Spy"
      ]
   },
   {
      "title":"Dream House",
      "year":2011,
      "cast":[
         "Daniel Craig",
         "Naomi Watts",
         "Rachel Weisz",
         "Marton Csokas",
         "Elias Koteas",
         "Jane Alexander",
         "Taylor Geare",
         "Rachel G. Fox",
         "Mark Wilson",
         "Jonathan Potts",
         "Lynne Griffin",
         "Gregory Smith",
         "Chris Owens",
         "Sarah Gadon"
      ],
      "genres":[
         "Horror"
      ]
   },
   {
      "title":"Drive",
      "year":2011,
      "cast":[
         "Ryan Gosling",
         "Carey Mulligan",
         "Bryan Cranston",
         "Christina Hendricks",
         "Ron Perlman",
         "Oscar Isaac",
         "Albert Brooks"
      ],
      "genres":[
         "Action",
         "Drama"
      ]
   },
   {
      "title":"Drive Angry",
      "year":2011,
      "cast":[
         "Nicolas Cage",
         "Amber Heard",
         "William Fichtner",
         "Billy Burke",
         "Charlotte Ross",
         "Christa Campbell",
         "Tom Atkins",
         "Katy Mixon",
         "Todd Farmer",
         "David Morse"
      ],
      "genres":[
         "Action",
         "Thriller"
      ]
   },
   {
      "title":"Dylan Dog: Dead of Night",
      "year":2011,
      "cast":[
         "Brandon Routh",
         "Sam Huntington",
         "Anita Briem",
         "Peter Stormare",
         "Taye Diggs"
      ],
      "genres":[
         "Action",
         "Horror",
         "Comedy"
      ]
   },
   {
      "title":"The Eagle",
      "year":2011,
      "cast":[
         "Channing Tatum",
         "Jamie Bell",
         "Donald Sutherland",
         "Mark Strong"
      ],
      "genres":[
         "Adventure",
         "Historical",
         "Drama"
      ]
   },
   {
      "title":"Everything Must Go",
      "year":2011,
      "cast":[
         "Will Ferrell",
         "Rebecca Hall",
         "Michael Peña",
         "Christopher C. J. Wallace",
         "Glenn Howerton",
         "Stephen Root",
         "Laura Dern"
      ],
      "genres":[
         "Comedy",
         "Drama"
      ]
   },
   {
      "title":"Extremely Loud and Incredibly Close",
      "year":2011,
      "cast":[
         "Tom Hanks",
         "Sandra Bullock",
         "Thomas Horn",
         "Max von Sydow",
         "Viola Davis",
         "John Goodman",
         "Jeffrey Wright",
         "James Gandolfini"
      ],
      "genres":[
         "Drama"
      ]
   },
   {
      "title":"Fast Five",
      "year":2011,
      "cast":[
         "Vin Diesel",
         "Paul Walker",
         "Jordana Brewster",
         "Tyrese Gibson",
         "Chris \"Ludacris\" Bridges",
         "Matt Schulze",
         "Sung Kang",
         "Dwayne Johnson"
      ],
      "genres":[
         "Action",
         "Thriller"
      ]
   },
   {
      "title":"Father of Invention",
      "year":2011,
      "cast":[
         "Kevin Spacey",
         "Camilla Belle",
         "Heather Graham",
         "Johnny Knoxville",
         "with",
         "Craig Robinson",
         "and",
         "Virginia Madsen",
         "Michael Rosenbaum",
         "John Stamos",
         "Rhoda Griffis",
         "Jack McGee",
         "Danny Comden"
      ],
      "genres":[
         "Comedy",
         "Drama"
      ]
   },
   {
      "title":"Fear of a Black Republican",
      "year":2011,
      "cast":[
         
      ],
      "genres":[
         "Documentary"
      ]
   },
   {
      "title":"Final Destination 5",
      "year":2011,
      "cast":[
         "Nicholas D'Agosto",
         "Emma Bell",
         "Miles Fisher",
         "Arlen Escarpeta",
         "with",
         "David Koechner",
         "and",
         "Tony Todd",
         "P. J. Byrne",
         "Courtney B. Vance",
         "Jacqueline MacInnes Wood"
      ],
      "genres":[
         "Supernatural",
         "Horror",
         "Thriller"
      ]
   },
   {
      "title":"Footloose",
      "year":2011,
      "cast":[
         "Kenny Wormald",
         "Julianne Hough",
         "Andie MacDowell",
         "Dennis Quaid"
      ],
      "genres":[
         "Dance",
         "Drama",
         "Comedy",
         "Romance"
      ]
   },
   {
      "title":"Friends with Benefits",
      "year":2011,
      "cast":[
         "Justin Timberlake",
         "Mila Kunis",
         "Patricia Clarkson",
         "Jenna Elfman",
         "Bryan Greenberg",
         "Richard Jenkins",
         "Woody Harrelson",
         "Emma Stone",
         "Nolan Gould",
         "Jason Segel",
         "Rashida Jones",
         "Andy Samberg",
         "Shaun White"
      ],
      "genres":[
         "Romance",
         "Comedy"
      ]
   },
   {
      "title":"Fright Night",
      "year":2011,
      "cast":[
         "Anton Yelchin",
         "Colin Farrell",
         "David Tennant",
         "Christopher Mintz-Plasse",
         "Toni Collette",
         "Imogen Poots",
         "Lisa Loeb",
         "Dave Franco",
         "Sandra Vergara"
      ],
      "genres":[
         "Horror",
         "Comedy"
      ]
   },
   {
      "title":"From Prada to Nada",
      "year":2011,
      "cast":[
         "Camilla Belle",
         "Alexa Vega",
         "Wilmer Valderrama",
         "Nicholas D'Agosto",
         "April Bowlby",
         "Kuno Becker",
         "Adriana Barraza"
      ],
      "genres":[
         "Drama",
         "Romance",
         "Comedy"
      ]
   },
   {
      "title":"The Future",
      "year":2011,
      "cast":[
         "Hamish Linklater",
         "Miranda July",
         "David Warshofsky",
         "Isabella Acres",
         "Joe Putterlik"
      ],
      "genres":[
         "Drama"
      ]
   },
   {
      "title":"The Girl with the Dragon Tattoo",
      "year":2011,
      "cast":[
         "Daniel Craig",
         "Rooney Mara",
         "Christopher Plummer",
         "Stellan Skarsgård",
         "Steven Berkoff",
         "Robin Wright",
         "Yorick van Wageningen",
         "Joely Richardson"
      ],
      "genres":[
         "Drama",
         "Thriller"
      ]
   },
   {
      "title":"Glee: The 3D Concert Movie",
      "year":2011,
      "cast":[
         "Dianna Agron",
         "Chris Colfer",
         "Darren Criss",
         "Ashley Fink",
         "Kevin McHale",
         "Lea Michele",
         "Cory Monteith",
         "Heather Morris",
         "Chord Overstreet",
         "Amber Riley",
         "Naya Rivera",
         "Mark Salling",
         "Harry Shum, Jr.",
         "Jenna Ushkowitz",
         "Gwyneth Paltrow"
      ],
      "genres":[
         "Performance"
      ]
   },
   {
      "title":"Gnomeo and Juliet",
      "year":2011,
      "cast":[
         "James McAvoy",
         "Emily Blunt",
         "Michael Caine",
         "Maggie Smith",
         "Jason Statham",
         "Patrick Stewart",
         "Ashley Jensen",
         "Stephen Merchant",
         "Matt Lucas",
         "Jim Cummings",
         "Julie Walters",
         "Richard Wilson",
         "Ozzy Osbourne",
         "Dolly Parton",
         "Hulk Hogan"
      ],
      "genres":[
         "Animated",
         "Family"
      ]
   },
   {
      "title":"A Good Old Fashioned Orgy",
      "year":2011,
      "cast":[
         "Jason Sudeikis",
         "Leslie Bibb",
         "Lake Bell",
         "Michelle Borth",
         "Nick Kroll",
         "Tyler Labine",
         "Angela Sarafyan",
         "Lindsay Sloane",
         "Martin Starr",
         "Lucy Punch",
         "and",
         "Will Forte"
      ],
      "genres":[
         "Comedy"
      ]
   },
   {
      "title":"The Good Doctor",
      "year":2011,
      "cast":[
         "Orlando Bloom",
         "Riley Keough",
         "Taraji P. Henson",
         "Rob Morrow",
         "Michael Peña"
      ],
      "genres":[
         "Thriller"
      ]
   },
   {
      "title":"The Greatest Movie Ever Sold",
      "year":2011,
      "cast":[
         "A documentary about branding",
         "advertising and product placement that is financed and made possible by brands",
         "advertising and product placement."
      ],
      "genres":[
         "Documentary"
      ]
   },
   {
      "title":"The Green Hornet",
      "year":2011,
      "cast":[
         "Seth Rogen",
         "Jay Chou",
         "Christoph Waltz",
         "Cameron Diaz",
         "Edward James Olmos",
         "David Harbour",
         "Tom Wilkinson",
         "Edward Furlong"
      ],
      "genres":[
         "Comedy",
         "Superhero"
      ]
   },
   {
      "title":"Green Lantern",
      "year":2011,
      "cast":[
         "Ryan Reynolds",
         "Blake Lively",
         "Peter Sarsgaard",
         "Mark Strong",
         "Angela Bassett",
         "and",
         "Tim Robbins",
         "Temuera Morrison",
         "Taika Waititi",
         "Geoffrey Rush",
         "Michael Clarke Duncan"
      ],
      "genres":[
         "Superhero"
      ]
   },
   {
      "title":"Hall Pass",
      "year":2011,
      "cast":[
         "Owen Wilson",
         "Jason Sudeikis"
      ],
      "genres":[
         "Comedy"
      ]
   },
   {
      "title":"The Hangover: Part II",
      "year":2011,
      "cast":[
         "Bradley Cooper",
         "Ed Helms",
         "Zach Galifianakis",
         "Ken Jeong",
         "Jeffrey Tambor",
         "with",
         "Justin Bartha",
         "and",
         "Paul Giamatti"
      ],
      "genres":[
         "Comedy"
      ]
   },
   {
      "title":"Hanna",
      "year":2011,
      "cast":[
         "Saoirse Ronan",
         "Eric Bana",
         "Tom Hollander",
         "Olivia Williams",
         "Jason Flemyng",
         "and",
         "Cate Blanchett"
      ],
      "genres":[
         "Action",
         "Thriller"
      ]
   },
   {
      "title":"Happy Feet Two",
      "year":2011,
      "cast":[
         "Elijah Wood",
         "Robin Williams",
         "Hank Azaria",
         "Alecia Moore (Pink)",
         "Brad Pitt",
         "Matt Damon",
         "Sofía Vergara",
         "Hugo Weaving",
         "Richard Carter",
         "Common",
         "Magda Szubanski",
         "Anthony LaPaglia"
      ],
      "genres":[
         "Animated",
         "Family"
      ]
   },
   {
      "title":"Happythankyoumoreplease",
      "year":2011,
      "cast":[
         "Josh Radnor",
         "Malin Åkerman",
         "Kate Mara",
         "Zoe Kazan",
         "Pablo Schreiber",
         "Tony Hale"
      ],
      "genres":[
         "Romance",
         "Comedy"
      ]
   },
   {
      "title":"Harry Potter and the Deathly Hallows: Part 2",
      "year":2011,
      "cast":[
         "Daniel Radcliffe",
         "Rupert Grint",
         "Emma Watson",
         "Helena Bonham Carter",
         "Robbie Coltrane",
         "Warwick Davis",
         "Ralph Fiennes",
         "Michael Gambon",
         "Brendan Gleeson",
         "Richard Griffiths",
         "John Hurt",
         "Jason Isaacs",
         "Alan Rickman",
         "Fiona Shaw",
         "Timothy Spall",
         "Imelda Staunton",
         "David Thewlis",
         "Julie Walters"
      ],
      "genres":[
         "Action",
         "Adventure",
         "Fantasy"
      ]
   },
   {
      "title":"The Heart Specialist",
      "year":2011,
      "cast":[
         "Wood Harris",
         "Zoe Saldana",
         "Brian White",
         "Mýa",
         "Method Man",
         "Jasmine Guy",
         "Leon",
         "Ed Asner",
         "Jenifer Lewis",
         "Terrence J",
         "Marla Gibbs",
         "Nephew Tommy"
      ],
      "genres":[
         "Romance",
         "Comedy"
      ]
   },
   {
      "title":"The Help",
      "year":2011,
      "cast":[
         "Jessica Chastain",
         "Viola Davis",
         "Bryce Dallas Howard",
         "Allison Janney",
         "Octavia Spencer",
         "Emma Stone",
         "Anna Camp",
         "Dana Ivey",
         "Leslie Jordan",
         "Brian Kerwin",
         "Chris Lowell",
         "David Oyelowo",
         "Sissy Spacek",
         "Cicely Tyson",
         "Mike Vogel"
      ],
      "genres":[
         "Comedy",
         "Drama"
      ]
   },
   {
      "title":"Hesher",
      "year":2011,
      "cast":[
         "Joseph Gordon-Levitt",
         "Devin Brochu",
         "Rainn Wilson",
         "and",
         "Natalie Portman",
         "Piper Laurie"
      ],
      "genres":[
         "Drama"
      ]
   },
   {
      "title":"Higher Ground",
      "year":2011,
      "cast":[
         "Vera Farmiga",
         "Joshua Leonard",
         "Norbert Leo Butz",
         "Dagmara Dominczyk",
         "John Hawkes",
         "Bill Irwin",
         "Ebon Moss-Bachrach",
         "Donna Murphy"
      ],
      "genres":[
         "Drama"
      ]
   },
   {
      "title":"Hoodwinked Too! Hood vs. Evil",
      "year":2011,
      "cast":[
         "Hayden Panettiere",
         "Glenn Close",
         "Patrick Warburton",
         "Joan Cusack",
         "Bill Hader",
         "Amy Poehler",
         "Andy Dick",
         "David Ogden Stiers",
         "Cory Edwards",
         "Martin Short",
         "Debra Wilson",
         "Brad Garrett",
         "Wayne Newton",
         "David Alan Grier",
         "Cheech Marin",
         "Tommy Chong",
         "Rob Paulsen",
         "Heidi Klum"
      ],
      "genres":[
         "Animated",
         "Family"
      ]
   },
   {
      "title":"Hop",
      "year":2011,
      "cast":[
         "James Marsden",
         "Russell Brand",
         "(voice)",
         "Kaley Cuoco",
         "Hank Azaria",
         "(voice)",
         "Gary Cole",
         "Elizabeth Perkins",
         "David Hasselhoff",
         "Chelsea Handler",
         "Hugh Laurie",
         "(voice)"
      ],
      "genres":[
         "Family",
         "Live Action"
      ]
   },
   {
      "title":"Horrible Bosses",
      "year":2011,
      "cast":[
         "Jason Bateman",
         "Charlie Day",
         "Jason Sudeikis",
         "with",
         "Jennifer Aniston",
         "Colin Farrell",
         "Kevin Spacey",
         "Donald Sutherland",
         "and",
         "Jamie Foxx"
      ],
      "genres":[
         "Comedy"
      ]
   },
   {
      "title":"Hugo",
      "year":2011,
      "cast":[
         "Ben Kingsley",
         "Sacha Baron Cohen",
         "Asa Butterfield",
         "Chloë Grace Moretz",
         "Ray Winstone",
         "Emily Mortimer",
         "and",
         "Jude Law",
         "Christopher Lee",
         "Helen McCrory",
         "Michael Stuhlbarg",
         "Marco Aponte",
         "Frances de la Tour",
         "Richard Griffiths",
         "Johnny Depp"
      ],
      "genres":[
         "Adventure",
         "Drama"
      ]
   },
   {
      "title":"I Am Number Four",
      "year":2011,
      "cast":[
         "Alex Pettyfer",
         "Timothy Olyphant",
         "Teresa Palmer",
         "Dianna Agron",
         "Callan McAuliffe",
         "Kevin Durand"
      ],
      "genres":[
         "Science Fiction",
         "Teen"
      ]
   },
   {
      "title":"Destroyer",
      "year":2018,
      "cast":[
         "Nicole Kidman",
         "Tatiana Maslany",
         "Sebastian Stan",
         "Toby Kebbell",
         "Scoot McNairy"
      ],
      "genres":[
         "Crime",
         "Thriller"
      ]
   }
]
